p_thresh,accuracy_all,accuracy_answered,abstain_rate,coverage
0.7,99.0,100.0,6.4,93.60000000000001
0.8,99.4,100.0,9.6,90.4
0.9,99.4,100.0,11.600000000000001,88.4
0.95,98.8,100.0,12.0,88.0
